INSERT INTO `tbl_banner` (`banner_id`, `name`, `status`) VALUES
  (1, 'Family', 1),
  (2, 'Fitness', 1),
  (3, 'Караоке', 1);

INSERT INTO `tbl_banner_image` (`banner_image_id`, `banner_id`, `language_id`, `title`, `link`, `image`, `sort_order`) VALUES
  (1, 1, 1, 'Слайд 1', '', '24bfc81e23356c484fa2da5fcfa30ecf.jpg', 1),
  (2, 1, 1, 'Слайд 2', '', '238abbd6fad90625718e0a6461a72d24.jpg', 2),
  (3, 1, 1, 'Слайд 3', '', 'cfc8af5975d88187c7982f84f2c7e64d.jpg', 3),
  (4, 2, 1, 'Слайд 1', '', '24bfc81e23356c484fa2da5fcfa30ecf.jpg', 1),
  (5, 2, 1, 'Слайд 2', '', '238abbd6fad90625718e0a6461a72d24.jpg', 2),
  (6, 2, 1, 'Слайд 3', '', 'cfc8af5975d88187c7982f84f2c7e64d.jpg', 3),
  (7, 3, 1, 'Слайд 1', '', '24bfc81e23356c484fa2da5fcfa30ecf.jpg', 1),
  (8, 3, 1, 'Слайд 3', '', 'cfc8af5975d88187c7982f84f2c7e64d.jpg', 3),
  (9, 3, 1, 'Слайд 2', '', '238abbd6fad90625718e0a6461a72d24.jpg', 2);

INSERT INTO `tbl_page` (`page_id`, `top`, `image`, `css_class`, `status`, `sort_order`, `created_at`, `updated_at`) VALUES
  (1, 1, '', '', 1, 1, 1519806735, 1532354310),
  (2, 1, '11a2fc239d973c2d479f0892f19b62b6.jpg', 'ico-mojo-logo-family', 1, 2, 1519806735, 1533040237),
  (3, 1, '5b5e0f223c269cb122067a0954d05de1.jpg', 'ico-mojo-logo-hotel', 1, 3, 1519806735, 1532944340),
  (4, 1, 'abebb5f73b334d6178421483ab0be852.jpg', 'ico-mojo-logo-karaoke', 1, 4, 1519806735, 1533040196),
  (5, 1, 'c9262926b269edaccca76debccf995c8.jpg', 'ico-mojo-logo-sky-lounge', 1, 5, 1531480713, 1532944349),
  (6, 1, '8d92c61b419de4f4d56268eab72b976c.jpg', 'ico-mojo-logo-event', 1, 6, 1531480747, 1533036920),
  (7, 1, 'db739d1fe6280726f87e338a5e7a7ad1.jpg', 'ico-mojo-logo-fitness', 1, 7, 1531480775, 1533040232);

INSERT INTO `tbl_page_description` (`page_id`, `language_id`, `title`, `content`, `meta_title`, `meta_description`, `meta_keyword`) VALUES
  (1, 1, 'Головна', '<h2 class=\"g-h2\">Про компанію</h2><p class=\"main-page__p\">It is a long established fact that a reader will be distracted by the readable content of a page when looking at its layout. The point of using Lorem Ipsum is that it has a more-or-less normal distribution of letters, as opposed to using &#39;Content here, content here&#39;, making it look like readable English. Many desktop publishing packages and web page editors now use Lorem Ipsum as their default model text, and a search for &#39;lorem ipsum&#39; will uncover many web sites still in their infancy. Various versions have evolved over the years, sometimes by accident, sometimes on purpose (injected humour and the like).It is a long established fact that a reader will be distracted by the readable content of a page when looking at its layout. The point of using Lorem Ipsum is that it has a more-or-less normal distribution of letters, as opposed to using &#39;</p><p class=\"main-page__p\">Content here, content here&#39;, making it look like readable English. Many desktop publishing packages and web page editors now use Lorem Ipsum as their default model text, and a search for &#39;lorem ipsum&#39; will uncover many web sites still in their infancy. Various versions have evolved over the years, sometimes by accident, sometimes on purpose (injected humour and the like).</p><p class=\"main-page__p\">The point of using Lorem Ipsum is that it has a more-or-less normal distribution of letters, as opposed to using &#39;Content here, content here&#39;, making it look like readable English. Many desktop publishing packages and web page editors now use Lorem Ipsum as their default model text, and a search for &#39;lorem ipsum&#39; will uncover many web sites still in their infancy. Various versions have evolved over the years, sometimes by accident, sometimes on purpose (injected humour and the like).</p><p class=\"main-page__p\">Lorem Ipsum as their default model text, and a search for &#39;lorem ipsum&#39; will uncover many web sites still in their infancy. Various versions have evolved over the years, sometimes by accident, sometimes on purpose (injected humour and the like).Many desktop publishing packages and web page editors now use Lorem Ipsum as their default model text, and a search for &#39;lorem ipsum&#39; will uncover many web sites still in their infancy.</p><p class=\"main-page__p\">Many desktop publishing packages and web page editors now use Lorem Ipsum as their default model text, and a search for &#39;lorem ipsum&#39; will uncover many web sites still in their infancy. Various versions have evolved over the years, sometimes by accident, sometimes on purpose (injected humour and the like).It is a long established fact that a reader will be distracted by the readable content of a page when looking at its layout. The point of using Lorem Ipsum is that it has a more-or-less normal distribution of letters, as opposed to using &#39;</p>', 'Classic', 'Головна', 'Головна'),
  (1, 2, 'Home', '<h2 class=\"g-h2\">About company</h2><p class=\"main-page__p\">It is a long established fact that a reader will be distracted by the readable content of a page when looking at its layout. The point of using Lorem Ipsum is that it has a more-or-less normal distribution of letters, as opposed to using &#39;Content here, content here&#39;, making it look like readable English. Many desktop publishing packages and web page editors now use Lorem Ipsum as their default model text, and a search for &#39;lorem ipsum&#39; will uncover many web sites still in their infancy. Various versions have evolved over the years, sometimes by accident, sometimes on purpose (injected humour and the like).It is a long established fact that a reader will be distracted by the readable content of a page when looking at its layout. The point of using Lorem Ipsum is that it has a more-or-less normal distribution of letters, as opposed to using &#39;</p><p class=\"main-page__p\">Content here, content here&#39;, making it look like readable English. Many desktop publishing packages and web page editors now use Lorem Ipsum as their default model text, and a search for &#39;lorem ipsum&#39; will uncover many web sites still in their infancy. Various versions have evolved over the years, sometimes by accident, sometimes on purpose (injected humour and the like).</p><p class=\"main-page__p\">The point of using Lorem Ipsum is that it has a more-or-less normal distribution of letters, as opposed to using &#39;Content here, content here&#39;, making it look like readable English. Many desktop publishing packages and web page editors now use Lorem Ipsum as their default model text, and a search for &#39;lorem ipsum&#39; will uncover many web sites still in their infancy. Various versions have evolved over the years, sometimes by accident, sometimes on purpose (injected humour and the like).</p><p class=\"main-page__p\">Lorem Ipsum as their default model text, and a search for &#39;lorem ipsum&#39; will uncover many web sites still in their infancy. Various versions have evolved over the years, sometimes by accident, sometimes on purpose (injected humour and the like).Many desktop publishing packages and web page editors now use Lorem Ipsum as their default model text, and a search for &#39;lorem ipsum&#39; will uncover many web sites still in their infancy.</p><p class=\"main-page__p\">Many desktop publishing packages and web page editors now use Lorem Ipsum as their default model text, and a search for &#39;lorem ipsum&#39; will uncover many web sites still in their infancy. Various versions have evolved over the years, sometimes by accident, sometimes on purpose (injected humour and the like).It is a long established fact that a reader will be distracted by the readable content of a page when looking at its layout. The point of using Lorem Ipsum is that it has a more-or-less normal distribution of letters, as opposed to using &#39;</p>', 'Classic', 'Home', 'Home'),
  (2, 1, 'Family', '<p class=\"interior__text\">Lorem ipsum dolor sit amet, consectetur adipisicing elit, sed do eiusmod tempor incididunt ut labore et dolore magna aliqua. Ut enim ad minim veniam, quis nostrud exercitation ullamco laboris nisi ut aliquip ex ea commodo consequat. Duis aute irure dolor in reprehenderit in voluptate velit esse cillum dolore eu fugiat nulla pariatur. Excepteur sint occaecat cupidatat non proident, sunt in culpa qui officia deserunt mollit anim id est laborum. Sed ut perspiciatis unde omnis iste natus error sit voluptatem accusantium doloremque laudantium, totam rem aperiam, eaque ipsa quae ab illo inventore veritatis et quasi architecto beatae vitae dicta sunt explicabo. Nemo enim ipsam voluptatem quia voluptas sit aspernatur aut odit aut fugit. sed quia consequuntur magni dolores eos qui ratione voluptatem sequi nesciunt. Neque porro quisquam est, qui dolorem ipsum quia dolor sit amet, consectetur, adipisci velit, sed quia non numquam eius modi tempora incidunt ut labore et dolore magnam aliquam quaerat voluptatem.</p>\r\n', 'Family', 'Family', 'Family'),
  (2, 2, 'Family', '<p class=\"interior__text\">Lorem ipsum dolor sit amet, consectetur adipisicing elit, sed do eiusmod tempor incididunt ut labore et dolore magna aliqua. Ut enim ad minim veniam, quis nostrud exercitation ullamco laboris nisi ut aliquip ex ea commodo consequat. Duis aute irure dolor in reprehenderit in voluptate velit esse cillum dolore eu fugiat nulla pariatur. Excepteur sint occaecat cupidatat non proident, sunt in culpa qui officia deserunt mollit anim id est laborum. Sed ut perspiciatis unde omnis iste natus error sit voluptatem accusantium doloremque laudantium, totam rem aperiam, eaque ipsa quae ab illo inventore veritatis et quasi architecto beatae vitae dicta sunt explicabo. Nemo enim ipsam voluptatem quia voluptas sit aspernatur aut odit aut fugit. sed quia consequuntur magni dolores eos qui ratione voluptatem sequi nesciunt. Neque porro quisquam est, qui dolorem ipsum quia dolor sit amet, consectetur, adipisci velit, sed quia non numquam eius modi tempora incidunt ut labore et dolore magnam aliquam quaerat voluptatem.</p>\r\n', 'Family', 'Family', 'Family'),
  (3, 1, 'Готель', '', 'Готель', 'Готель', 'Готель'),
  (3, 2, 'Hotel', '', 'Hotel', 'Hotel', 'Hotel'),
  (4, 1, 'Караоке', '<p class=\"interior__text\">Lorem ipsum dolor sit amet, consectetur adipisicing elit, sed do eiusmod tempor incididunt ut labore et dolore magna aliqua. Ut enim ad minim veniam, quis nostrud exercitation ullamco laboris nisi ut aliquip ex ea commodo consequat. Duis aute irure dolor in reprehenderit in voluptate velit esse cillum dolore eu fugiat nulla pariatur. Excepteur sint occaecat cupidatat non proident, sunt in culpa qui officia deserunt mollit anim id est laborum. Sed ut perspiciatis unde omnis iste natus error sit voluptatem accusantium doloremque laudantium, totam rem aperiam, eaque ipsa quae ab illo inventore veritatis et quasi architecto beatae vitae dicta sunt explicabo. Nemo enim ipsam voluptatem quia voluptas sit aspernatur aut odit aut fugit. sed quia consequuntur magni dolores eos qui ratione voluptatem sequi nesciunt. Neque porro quisquam est, qui dolorem ipsum quia dolor sit amet, consectetur, adipisci velit, sed quia non numquam eius modi tempora incidunt ut labore et dolore magnam aliquam quaerat voluptatem.</p>\r\n', 'Караоке', 'Караоке', 'Караоке'),
  (4, 2, 'Karaoke', '<p class=\"interior__text\">Lorem ipsum dolor sit amet, consectetur adipisicing elit, sed do eiusmod tempor incididunt ut labore et dolore magna aliqua. Ut enim ad minim veniam, quis nostrud exercitation ullamco laboris nisi ut aliquip ex ea commodo consequat. Duis aute irure dolor in reprehenderit in voluptate velit esse cillum dolore eu fugiat nulla pariatur. Excepteur sint occaecat cupidatat non proident, sunt in culpa qui officia deserunt mollit anim id est laborum. Sed ut perspiciatis unde omnis iste natus error sit voluptatem accusantium doloremque laudantium, totam rem aperiam, eaque ipsa quae ab illo inventore veritatis et quasi architecto beatae vitae dicta sunt explicabo. Nemo enim ipsam voluptatem quia voluptas sit aspernatur aut odit aut fugit. sed quia consequuntur magni dolores eos qui ratione voluptatem sequi nesciunt. Neque porro quisquam est, qui dolorem ipsum quia dolor sit amet, consectetur, adipisci velit, sed quia non numquam eius modi tempora incidunt ut labore et dolore magnam aliquam quaerat voluptatem.</p>\r\n', 'Karaoke', 'Karaoke', 'Karaoke'),
  (5, 1, 'Sky Lounge', '', 'Sky Lounge', 'Sky Lounge', 'Sky Lounge'),
  (5, 2, 'Sky Lounge', '', 'Sky Lounge', 'Sky Lounge', 'Sky Lounge'),
  (6, 1, 'Event Hall', '', 'Event Hall', 'Event Hall', 'Event Hall'),
  (6, 2, 'Event Hall', '', 'Event Hall', 'Event Hall', 'Event Hall'),
  (7, 1, 'Fitness', '<p class=\"interior__text\">Lorem ipsum dolor sit amet, consectetur adipisicing elit, sed do eiusmod tempor incididunt ut labore et dolore magna aliqua. Ut enim ad minim veniam, quis nostrud exercitation ullamco laboris nisi ut aliquip ex ea commodo consequat. Duis aute irure dolor in reprehenderit in voluptate velit esse cillum dolore eu fugiat nulla pariatur. Excepteur sint occaecat cupidatat non proident, sunt in culpa qui officia deserunt mollit anim id est laborum. Sed ut perspiciatis unde omnis iste natus error sit voluptatem accusantium doloremque laudantium, totam rem aperiam, eaque ipsa quae ab illo inventore veritatis et quasi architecto beatae vitae dicta sunt explicabo. Nemo enim ipsam voluptatem quia voluptas sit aspernatur aut odit aut fugit. sed quia consequuntur magni dolores eos qui ratione voluptatem sequi nesciunt. Neque porro quisquam est, qui dolorem ipsum quia dolor sit amet, consectetur, adipisci velit, sed quia non numquam eius modi tempora incidunt ut labore et dolore magnam aliquam quaerat voluptatem.</p>\r\n', 'Fitness', 'Fitness', 'Fitness'),
  (7, 2, 'Fitness', '<p class=\"interior__text\">Lorem ipsum dolor sit amet, consectetur adipisicing elit, sed do eiusmod tempor incididunt ut labore et dolore magna aliqua. Ut enim ad minim veniam, quis nostrud exercitation ullamco laboris nisi ut aliquip ex ea commodo consequat. Duis aute irure dolor in reprehenderit in voluptate velit esse cillum dolore eu fugiat nulla pariatur. Excepteur sint occaecat cupidatat non proident, sunt in culpa qui officia deserunt mollit anim id est laborum. Sed ut perspiciatis unde omnis iste natus error sit voluptatem accusantium doloremque laudantium, totam rem aperiam, eaque ipsa quae ab illo inventore veritatis et quasi architecto beatae vitae dicta sunt explicabo. Nemo enim ipsam voluptatem quia voluptas sit aspernatur aut odit aut fugit. sed quia consequuntur magni dolores eos qui ratione voluptatem sequi nesciunt. Neque porro quisquam est, qui dolorem ipsum quia dolor sit amet, consectetur, adipisci velit, sed quia non numquam eius modi tempora incidunt ut labore et dolore magnam aliquam quaerat voluptatem.</p>\r\n', 'Fitness', 'Fitness', 'Fitness');

INSERT INTO `tbl_seo_url` (`seo_url_id`, `language_id`, `query`, `keyword`) VALUES
  (1, 1, 'page_id=1', '/'),
  (2, 2, 'page_id=1', '/'),
  (3, 1, 'page_id=2', 'family'),
  (4, 2, 'page_id=2', 'family'),
  (5, 1, 'page_id=3', 'hotel'),
  (6, 2, 'page_id=3', 'hotel'),
  (7, 1, 'page_id=4', 'karaoke'),
  (8, 2, 'page_id=4', 'karaoke'),
  (9, 1, 'page_id=5', 'sky-lounge'),
  (10, 2, 'page_id=5', 'sky-lounge'),
  (11, 1, 'page_id=6', 'event-hall'),
  (12, 2, 'page_id=6', 'event-hall'),
  (13, 1, 'page_id=7', 'fitness'),
  (14, 2, 'page_id=7', 'fitness');

INSERT INTO `tbl_social_network_category` (`social_network_category_id`, `status`, `sort_order`, `created_at`, `updated_at`) VALUES
  (1, 1, 1, 1530704229, 1530704229),
  (2, 1, 2, 1530704229, 1530704229),
  (3, 1, 3, 1530704229, 1530704229),
  (4, 1, 4, 1530704229, 1530704229);

INSERT INTO `tbl_social_network_category_description` (`social_network_category_id`, `language_id`, `name`) VALUES
  (1, 1, 'Family'),
  (1, 2, 'Family'),
  (2, 2, 'Karaoke'),
  (2, 1, 'Караоке'),
  (3, 1, 'Event Hall'),
  (3, 2, 'Event Hall'),
  (4, 1, 'Fitness'),
  (4, 2, 'Fitness');


INSERT INTO `tbl_social_network` (`social_network_id`, `title`, `css_class`, `image`, `link`, `social_network_category_id`, `status`, `sort_order`) VALUES
  (1, 'Facebook', 'ico-soc-fb', '7601b7ce8fa33b642350c6a669767cb3.svg', 'https://www.facebook.com/', 1, 1, 1),
  (2, 'Instagram', 'ico-soc-inst', 'e6bb57732f127377adbeb74835094a42.svg', 'https://www.instagram.com/', 1, 1, 2),
  (3, 'Twitter', 'ico-soc-tw', '4caccddd31034b7346c54e3fda99106f.svg', 'https://twitter.com/', 1, 1, 3),
  (4, 'Facebook 2', 'ico-soc-fb', '7601b7ce8fa33b642350c6a669767cb3.svg', 'https://www.facebook.com/', 2, 1, 1),
  (5, 'Instagram 2', 'ico-soc-inst', 'e6bb57732f127377adbeb74835094a42.svg', 'https://www.instagram.com/', 2, 1, 2),
  (6, 'Twitter 2', 'ico-soc-tw', '4caccddd31034b7346c54e3fda99106f.svg', 'https://twitter.com/', 2, 1, 3),
  (7, 'Facebook 3', 'ico-soc-fb', '7601b7ce8fa33b642350c6a669767cb3.svg', 'https://www.facebook.com/', 3, 1, 1),
  (8, 'Instagram 3', 'ico-soc-inst', 'e6bb57732f127377adbeb74835094a42.svg', 'https://www.instagram.com/', 3, 1, 2),
  (9, 'Twitter 3', 'ico-soc-tw', '4caccddd31034b7346c54e3fda99106f.svg', 'https://twitter.com/', 3, 1, 3),
  (10, 'Facebook 4', 'ico-soc-fb', '7601b7ce8fa33b642350c6a669767cb3.svg', 'https://www.facebook.com/', 4, 1, 1),
  (11, 'Instagram 4', 'ico-soc-inst', 'e6bb57732f127377adbeb74835094a42.svg', 'https://www.instagram.com/', 4, 1, 2),
  (12, 'Twitter 4', 'ico-soc-tw', '4caccddd31034b7346c54e3fda99106f.svg', 'https://twitter.com/', 4, 1, 3);
