INSERT INTO `tbl_album_category` (`album_category_id`, `status`, `sort_order`, `created_at`, `updated_at`) VALUES
  (1, 1, 1, 1530686999, 1532672905),
  (2, 1, 2, 1530687298, 1530687298),
  (3, 1, 3, 1530687298, 1530687298),
  (4, 1, 4, 1530687298, 1530687298);

INSERT INTO `tbl_album_category_description` (`album_category_id`, `language_id`, `name`) VALUES
  (4, 1, 'Event Hall'),
  (4, 2, 'Event Hall'),
  (1, 1, 'Family'),
  (1, 2, 'Family'),
  (2, 1, 'Fitness'),
  (2, 2, 'Fitness'),
  (3, 2, 'Karaoke'),
  (3, 1, 'Караоке');

INSERT INTO `tbl_album` (`album_id`, `image`, `album_category_id`, `status`, `sort_order`, `created_at`, `updated_at`) VALUES
  (1, '41acb9cefef2f926e4477c9f32242342.jpg', 1, 1, 1, 1530687166, 1532612285),
  (2, '086cb6aa26e2db96bd8c0617b480945e.jpg', 1, 1, 2, 1530687367, 1532672947),
  (3, 'bed78b5c7d55abd54dd5c50e423a93f8.jpg', 1, 1, 3, 1530687547, 1532672959),
  (4, '360e643d9699d0ea77f263658d785cdb.jpg', 1, 1, 4, 1530687699, 1532612328),
  (5, '41acb9cefef2f926e4477c9f32242342.jpg', 2, 1, 1, 1530687166, 1532612285),
  (6, '086cb6aa26e2db96bd8c0617b480945e.jpg', 2, 1, 2, 1530687367, 1532672947),
  (7, 'bed78b5c7d55abd54dd5c50e423a93f8.jpg', 2, 1, 3, 1530687547, 1532672959),
  (8, '360e643d9699d0ea77f263658d785cdb.jpg', 2, 1, 4, 1530687699, 1532612328),
  (9, '41acb9cefef2f926e4477c9f32242342.jpg', 3, 1, 1, 1530687166, 1532612285),
  (10, '086cb6aa26e2db96bd8c0617b480945e.jpg', 3, 1, 2, 1530687367, 1532672947),
  (11, 'bed78b5c7d55abd54dd5c50e423a93f8.jpg', 3, 1, 3, 1530687547, 1532672959),
  (12, '360e643d9699d0ea77f263658d785cdb.jpg', 3, 1, 4, 1530687699, 1532612328),
  (13, '41acb9cefef2f926e4477c9f32242342.jpg', 4, 1, 1, 1530687166, 1532612285),
  (14, '086cb6aa26e2db96bd8c0617b480945e.jpg', 4, 1, 2, 1530687367, 1532672947),
  (15, 'bed78b5c7d55abd54dd5c50e423a93f8.jpg', 4, 1, 3, 1530687547, 1532672959),
  (16, '360e643d9699d0ea77f263658d785cdb.jpg', 4, 1, 4, 1530687699, 1532612328);

INSERT INTO `tbl_album_description` (`album_id`, `language_id`, `name`) VALUES
  (4, 1, 'CORONA PARTY TIME'),
  (4, 2, 'CORONA PARTY TIME'),
  (8, 1, 'CORONA PARTY TIME 2'),
  (8, 2, 'CORONA PARTY TIME 2'),
  (12, 1, 'CORONA PARTY TIME 3'),
  (12, 2, 'CORONA PARTY TIME 3'),
  (16, 1, 'CORONA PARTY TIME 4'),
  (16, 2, 'CORONA PARTY TIME 4'),
  (3, 1, 'FROZEN GAMES'),
  (3, 2, 'FROZEN GAMES'),
  (7, 1, 'FROZEN GAMES 2'),
  (7, 2, 'FROZEN GAMES 2'),
  (11, 1, 'FROZEN GAMES 3'),
  (11, 2, 'FROZEN GAMES 3'),
  (15, 1, 'FROZEN GAMES 4'),
  (15, 2, 'FROZEN GAMES 4'),
  (1, 1, 'RNB VINIL SESSION'),
  (1, 2, 'RNB VINIL SESSION'),
  (5, 1, 'RNB VINIL SESSION 2'),
  (5, 2, 'RNB VINIL SESSION 2'),
  (9, 1, 'RNB VINIL SESSION 3'),
  (9, 2, 'RNB VINIL SESSION 3'),
  (13, 1, 'RNB VINIL SESSION 4'),
  (13, 2, 'RNB VINIL SESSION 4'),
  (2, 1, 'SATURDAY IN MEXICO'),
  (2, 2, 'SATURDAY IN MEXICO'),
  (6, 1, 'SATURDAY IN MEXICO 2'),
  (6, 2, 'SATURDAY IN MEXICO 2'),
  (10, 1, 'SATURDAY IN MEXICO 3'),
  (10, 2, 'SATURDAY IN MEXICO 3'),
  (14, 1, 'SATURDAY IN MEXICO 4'),
  (14, 2, 'SATURDAY IN MEXICO 4');

INSERT INTO `tbl_album_image` (`album_image_id`, `album_id`, `image`, `sort_order`) VALUES
  (1, 1, 'c7e86af3471e868750577abc9e27ad6c.jpg', 1),
  (2, 1, 'e39abdd9ff28a78d0fda4732947f9e7c.jpg', 2),
  (3, 1, 'd551b80760c7daeeb370220b55dd9cd2.jpg', 3),
  (4, 1, '9b869809c921e8627f01ee47b9a24ea6.jpg', 4),
  (5, 1, '086cb6aa26e2db96bd8c0617b480945e.jpg', 5),
  (12, 2, '165e96aa94ba3164e26f71f751ee65f0.jpg', 1),
  (13, 2, 'e7ef879227714fde21c04d71d01914ae.jpg', 2),
  (14, 2, '497d079ba32b73534869d9c86b992a01.jpg', 3),
  (15, 2, 'c567a0696f6a102ebc2718d1bf0395ab.jpg', 4),
  (16, 2, '1a21647826984eaeae93ef4d3810d547.jpg', 5),
  (17, 2, '41acb9cefef2f926e4477c9f32242342.jpg', 6),
  (23, 3, 'bed78b5c7d55abd54dd5c50e423a93f8.jpg', 1),
  (24, 3, '004c0ad0ce994188f2dda8245ee045af.jpg', 2),
  (25, 3, 'fe728d1f4b91dcfca2ab3558f9cb6c58.jpg', 3),
  (26, 3, '90bdb6047eaba144acea9572e540b048.jpg', 4),
  (27, 3, '0ae5355f2d30c336b8b0f7c1e22db623.jpg', 5),
  (33, 4, 'e407bc71d933f0667f5f2f62b1dbc713.jpg', 1),
  (34, 4, '461d1d859fe6e0642321976ccf52c882.jpg', 2),
  (35, 4, 'ac513250139cd6932d5c41866e3fb8f5.jpg', 3),
  (36, 4, '3a53ddb5c2a6d2764105a99968e47acc.jpg', 4),
  (37, 4, '88c9a5f5a5f9828d17f01bd8d3a796ee.jpg', 5),
  (38, 5, 'c7e86af3471e868750577abc9e27ad6c.jpg', 1),
  (39, 5, 'e39abdd9ff28a78d0fda4732947f9e7c.jpg', 2),
  (40, 5, 'd551b80760c7daeeb370220b55dd9cd2.jpg', 3),
  (41, 5, '9b869809c921e8627f01ee47b9a24ea6.jpg', 4),
  (42, 5, '086cb6aa26e2db96bd8c0617b480945e.jpg', 5),
  (43, 6, '165e96aa94ba3164e26f71f751ee65f0.jpg', 1),
  (44, 6, 'e7ef879227714fde21c04d71d01914ae.jpg', 2),
  (45, 6, '497d079ba32b73534869d9c86b992a01.jpg', 3),
  (46, 6, 'c567a0696f6a102ebc2718d1bf0395ab.jpg', 4),
  (47, 6, '1a21647826984eaeae93ef4d3810d547.jpg', 5),
  (48, 6, '41acb9cefef2f926e4477c9f32242342.jpg', 6),
  (49, 7, 'bed78b5c7d55abd54dd5c50e423a93f8.jpg', 1),
  (50, 7, '004c0ad0ce994188f2dda8245ee045af.jpg', 2),
  (51, 7, 'fe728d1f4b91dcfca2ab3558f9cb6c58.jpg', 3),
  (52, 7, '90bdb6047eaba144acea9572e540b048.jpg', 4),
  (53, 7, '0ae5355f2d30c336b8b0f7c1e22db623.jpg', 5),
  (54, 8, 'e407bc71d933f0667f5f2f62b1dbc713.jpg', 1),
  (55, 8, '461d1d859fe6e0642321976ccf52c882.jpg', 2),
  (56, 8, 'ac513250139cd6932d5c41866e3fb8f5.jpg', 3),
  (57, 8, '3a53ddb5c2a6d2764105a99968e47acc.jpg', 4),
  (58, 8, '88c9a5f5a5f9828d17f01bd8d3a796ee.jpg', 5),
  (59, 9, 'c7e86af3471e868750577abc9e27ad6c.jpg', 1),
  (60, 9, 'e39abdd9ff28a78d0fda4732947f9e7c.jpg', 2),
  (61, 9, 'd551b80760c7daeeb370220b55dd9cd2.jpg', 3),
  (62, 9, '9b869809c921e8627f01ee47b9a24ea6.jpg', 4),
  (63, 9, '086cb6aa26e2db96bd8c0617b480945e.jpg', 5),
  (64, 10, '165e96aa94ba3164e26f71f751ee65f0.jpg', 1),
  (65, 10, 'e7ef879227714fde21c04d71d01914ae.jpg', 2),
  (66, 10, '497d079ba32b73534869d9c86b992a01.jpg', 3),
  (67, 10, 'c567a0696f6a102ebc2718d1bf0395ab.jpg', 4),
  (68, 10, '1a21647826984eaeae93ef4d3810d547.jpg', 5),
  (69, 10, '41acb9cefef2f926e4477c9f32242342.jpg', 6),
  (70, 11, 'bed78b5c7d55abd54dd5c50e423a93f8.jpg', 1),
  (71, 11, '004c0ad0ce994188f2dda8245ee045af.jpg', 2),
  (72, 11, 'fe728d1f4b91dcfca2ab3558f9cb6c58.jpg', 3),
  (73, 11, '90bdb6047eaba144acea9572e540b048.jpg', 4),
  (74, 11, '0ae5355f2d30c336b8b0f7c1e22db623.jpg', 5),
  (75, 12, 'e407bc71d933f0667f5f2f62b1dbc713.jpg', 1),
  (76, 12, '461d1d859fe6e0642321976ccf52c882.jpg', 2),
  (77, 12, 'ac513250139cd6932d5c41866e3fb8f5.jpg', 3),
  (78, 12, '3a53ddb5c2a6d2764105a99968e47acc.jpg', 4),
  (79, 12, '88c9a5f5a5f9828d17f01bd8d3a796ee.jpg', 5),
  (80, 13, 'c7e86af3471e868750577abc9e27ad6c.jpg', 1),
  (81, 13, 'e39abdd9ff28a78d0fda4732947f9e7c.jpg', 2),
  (82, 13, 'd551b80760c7daeeb370220b55dd9cd2.jpg', 3),
  (83, 13, '9b869809c921e8627f01ee47b9a24ea6.jpg', 4),
  (84, 13, '086cb6aa26e2db96bd8c0617b480945e.jpg', 5),
  (85, 14, '165e96aa94ba3164e26f71f751ee65f0.jpg', 1),
  (86, 14, 'e7ef879227714fde21c04d71d01914ae.jpg', 2),
  (87, 14, '497d079ba32b73534869d9c86b992a01.jpg', 3),
  (88, 14, 'c567a0696f6a102ebc2718d1bf0395ab.jpg', 4),
  (89, 14, '1a21647826984eaeae93ef4d3810d547.jpg', 5),
  (90, 14, '41acb9cefef2f926e4477c9f32242342.jpg', 6),
  (91, 15, 'bed78b5c7d55abd54dd5c50e423a93f8.jpg', 1),
  (92, 15, '004c0ad0ce994188f2dda8245ee045af.jpg', 2),
  (93, 15, 'fe728d1f4b91dcfca2ab3558f9cb6c58.jpg', 3),
  (94, 15, '90bdb6047eaba144acea9572e540b048.jpg', 4),
  (95, 15, '0ae5355f2d30c336b8b0f7c1e22db623.jpg', 5),
  (96, 16, 'e407bc71d933f0667f5f2f62b1dbc713.jpg', 1),
  (97, 16, '461d1d859fe6e0642321976ccf52c882.jpg', 2),
  (98, 16, 'ac513250139cd6932d5c41866e3fb8f5.jpg', 3),
  (99, 16, '3a53ddb5c2a6d2764105a99968e47acc.jpg', 4),
  (100, 16, '88c9a5f5a5f9828d17f01bd8d3a796ee.jpg', 5);

INSERT INTO `tbl_seo_url` (`seo_url_id`, `language_id`, `query`, `keyword`) VALUES
  (75, 1, 'album_id=1', 'rnb-vinil-session'),
  (76, 2, 'album_id=1', 'rnb-vinil-session'),
  (77, 1, 'album_id=2', 'saturday-in-mexico'),
  (78, 2, 'album_id=2', 'saturday-in-mexico'),
  (79, 1, 'album_id=3', 'frozen-games'),
  (80, 2, 'album_id=3', 'frozen-games'),
  (81, 1, 'album_id=4', 'corona-party-time'),
  (82, 2, 'album_id=4', 'corona-party-time'),
  (83, 1, 'album_id=5', 'rnb-vinil-session-2'),
  (84, 2, 'album_id=5', 'rnb-vinil-session-2'),
  (85, 1, 'album_id=6', 'saturday-in-mexico-2'),
  (86, 2, 'album_id=6', 'saturday-in-mexico-2'),
  (87, 1, 'album_id=7', 'frozen-games-2'),
  (88, 2, 'album_id=7', 'frozen-games-2'),
  (89, 1, 'album_id=8', 'corona-party-time-2'),
  (90, 2, 'album_id=8', 'corona-party-time-2'),
  (91, 1, 'album_id=9', 'rnb-vinil-session-3'),
  (92, 2, 'album_id=9', 'rnb-vinil-session-3'),
  (93, 1, 'album_id=10', 'saturday-in-mexico-3'),
  (94, 2, 'album_id=10', 'saturday-in-mexico-3'),
  (95, 1, 'album_id=11', 'frozen-games-3'),
  (96, 2, 'album_id=11', 'frozen-games-3'),
  (97, 1, 'album_id=12', 'corona-party-time-3'),
  (98, 2, 'album_id=12', 'corona-party-time-3'),
  (99, 1, 'album_id=13', 'rnb-vinil-session-4'),
  (100, 2, 'album_id=13', 'rnb-vinil-session-4'),
  (101, 1, 'album_id=14', 'saturday-in-mexico-4'),
  (102, 2, 'album_id=14', 'saturday-in-mexico-4'),
  (103, 1, 'album_id=15', 'frozen-games-4'),
  (104, 2, 'album_id=15', 'frozen-games-4'),
  (105, 1, 'album_id=16', 'corona-party-time-4'),
  (106, 2, 'album_id=16', 'corona-party-time-4');
