INSERT INTO `tbl_event_category` (`event_category_id`, `status`, `sort_order`, `created_at`, `updated_at`) VALUES
  (1, 1, 1, 1530704194, 1532951105),
  (2, 1, 2, 1530704229, 1530704229),
  (3, 1, 3, 1530704229, 1530704229),
  (4, 1, 4, 1530704229, 1530704229);

INSERT INTO `tbl_event_category_description` (`event_category_id`, `language_id`, `name`) VALUES
  (4, 1, 'Event Hall'),
  (4, 2, 'Event Hall'),
  (1, 1, 'Family'),
  (1, 2, 'Family'),
  (2, 1, 'Fitness'),
  (2, 2, 'Fitness'),
  (3, 1, 'Караоке'),
  (3, 2, 'Караоке');

INSERT INTO `tbl_event` (`event_id`, `image`, `event_category_id`, `status`, `sort_order`, `created_at`, `updated_at`) VALUES
  (1, '3f8be27cbfca06775098b5613abf7daf.jpg', 1, 1, 1, 1530707199, 1532951174),
  (2, 'a6657ad7d0e06f3a88775f730cc8afec.jpg', 1, 1, 2, 1530707725, 1532951825),
  (3, 'bcb943740eb7fe2823a1a4c5c8e3fae8.jpg', 1, 1, 3, 1530708068, 1532951150),
  (4, '07302e184cc5be60285f5daf4032e154.jpg', 1, 1, 4, 1530708421, 1532951119),
  (5, '5c951480bfa1cdacffdaf79f6fdf3c27.jpg', 1, 1, 5, 1530708574, 1532951130),
  (6, '3f8be27cbfca06775098b5613abf7daf.jpg', 2, 1, 1, 1530707199, 1532951174),
  (7, 'a6657ad7d0e06f3a88775f730cc8afec.jpg', 2, 1, 2, 1530707725, 1532951825),
  (8, 'bcb943740eb7fe2823a1a4c5c8e3fae8.jpg', 2, 1, 3, 1530708068, 1532951150),
  (9, '07302e184cc5be60285f5daf4032e154.jpg', 2, 1, 4, 1530708421, 1532951119),
  (10, '5c951480bfa1cdacffdaf79f6fdf3c27.jpg', 2, 1, 5, 1530708574, 1532951130),
  (11, '3f8be27cbfca06775098b5613abf7daf.jpg', 3, 1, 1, 1530707199, 1532951174),
  (12, 'a6657ad7d0e06f3a88775f730cc8afec.jpg', 3, 1, 2, 1530707725, 1532951825),
  (13, 'bcb943740eb7fe2823a1a4c5c8e3fae8.jpg', 3, 1, 3, 1530708068, 1532951150),
  (14, '07302e184cc5be60285f5daf4032e154.jpg', 3, 1, 4, 1530708421, 1532951119),
  (15, '5c951480bfa1cdacffdaf79f6fdf3c27.jpg', 3, 1, 5, 1530708574, 1532951130),
  (16, '3f8be27cbfca06775098b5613abf7daf.jpg', 4, 1, 1, 1530707199, 1532951174),
  (17, 'a6657ad7d0e06f3a88775f730cc8afec.jpg', 4, 1, 2, 1530707725, 1532951825),
  (18, 'bcb943740eb7fe2823a1a4c5c8e3fae8.jpg', 4, 1, 3, 1530708068, 1532951150),
  (19, '07302e184cc5be60285f5daf4032e154.jpg', 4, 1, 4, 1530708421, 1532951119),
  (20, '5c951480bfa1cdacffdaf79f6fdf3c27.jpg', 4, 1, 5, 1530708574, 1532951130);

INSERT INTO `tbl_event_description` (`event_id`, `language_id`, `name`, `date`, `text`) VALUES
  (1, 1, 'Бізнес ланч (знижка 40 %)', '4 липня 2018', '<p class=\"news__text\">В сучасному світі бізнесу, обідня перерва, у кожного, буває в різний час та різні дні тижня. Наш ресторан пропонує альтернативу для усіх - перше, друге та компот ви можете поїсти за спец. ціною на протязі усього дня в любий день тижня!</p>'),
  (1, 2, 'Business lunch (40% discount)', '4 July 2018', '<p class=\"news__text\">In the modern business world, lunch break, for everyone, happens at different times and on different days of the week. Our restaurant have&nbsp;an alternative for everyone - the first, second and compote you can eat for specials price throughout the day on a lovely day of the week!</p>'),
  (2, 1, 'Зробіть попереднє замовлення та отримайте знижку!', '4 липня 2018', '<p class=\"news__text\">В ресторані діє гнучка система знижок на попереднє замовлення!</p>'),
  (2, 2, 'Make a reservation and get a discount!',  '4 July 2018', '<p class=\"news__text\">The restaurant has a flexible system of discounts on pre-order!</p>'),
  (3, 1, 'Літні вихідні у MOJO hall', '4 липня 2018', '<p class=\"news__text\">Вихідні будуть набагато цікавіші, якщо провести їх всією сім&#39;єю в MOJO hall.</p>'),
  (3, 2, 'Summer weekend at MOJO hall',  '4 July 2018', '<p class=\"news__text\">Weekends will be much more interesting if you spend them all the family in the MOJO hall.</p>'),
  (4, 1, 'Захоплюючі вихідні', '4 липня 2018', '<p class=\"news__text\">Поки дорослі насолоджуються їжею і спілкуються з друзями, дітлахи теж будуть зайняті справою. У MOJO hall щосуботи та неділі будуть проходити цікаві майстер-класи.</p>'),
  (4, 2, 'Exciting weekend',  '4 July 2018', '<p class=\"news__text\">As adults enjoy food and communicate with friends, kids will also be busy with the cause. Classic will host interesting master classes every Saturday and Sunday.</p>'),
  (5, 1, 'Хочете смачного, вишуканого та незвичного?', '4 липня 2018', '<p class=\"news__text\">Завітайте до MOJO hall. Завжди свіжа поставка та висока смакова якість.</p>'),
  (5, 2, 'Want a delicious, refined and unusual?',  '4 July 2018', '<p class=\"news__text\">Visit MOJO hall. Always fresh supply and high taste quality.</p>'),
  (6, 1, 'Бізнес ланч (знижка 40 %) 2', '4 липня 2018', '<p class=\"news__text\">В сучасному світі бізнесу, обідня перерва, у кожного, буває в різний час та різні дні тижня. Наш ресторан пропонує альтернативу для усіх - перше, друге та компот ви можете поїсти за спец. ціною на протязі усього дня в любий день тижня!</p>'),
  (6, 2, 'Business lunch (40% discount) 2',  '4 July 2018', '<p class=\"news__text\">In the modern business world, lunch break, for everyone, happens at different times and on different days of the week. Our restaurant have&nbsp;an alternative for everyone - the first, second and compote you can eat for specials price throughout the day on a lovely day of the week!</p>'),
  (7, 1, 'Зробіть попереднє замовлення та отримайте знижку! 2', '4 липня 2018', '<p class=\"news__text\">В ресторані діє гнучка система знижок на попереднє замовлення!</p>'),
  (7, 2, 'Make a reservation and get a discount! 2',  '4 July 2018', '<p class=\"news__text\">The restaurant has a flexible system of discounts on pre-order!</p>'),
  (8, 1, 'Літні вихідні у MOJO hall 2', '4 липня 2018', '<p class=\"news__text\">Вихідні будуть набагато цікавіші, якщо провести їх всією сім&#39;єю в MOJO hall.</p>'),
  (8, 2, 'Summer weekend at MOJO hall 2',  '4 July 2018', '<p class=\"news__text\">Weekends will be much more interesting if you spend them all the family in the MOJO hall.</p>'),
  (9, 1, 'Захоплюючі вихідні 2', '4 липня 2018', '<p class=\"news__text\">Поки дорослі насолоджуються їжею і спілкуються з друзями, дітлахи теж будуть зайняті справою. У MOJO hall щосуботи та неділі будуть проходити цікаві майстер-класи.</p>'),
  (9, 2, 'Exciting weekend 2',  '4 July 2018', '<p class=\"news__text\">As adults enjoy food and communicate with friends, kids will also be busy with the cause. Classic will host interesting master classes every Saturday and Sunday.</p>'),
  (10, 1, 'Хочете смачного, вишуканого та незвичного? 2', '4 липня 2018', '<p class=\"news__text\">Завітайте до MOJO hall. Завжди свіжа поставка та висока смакова якість.</p>'),
  (10, 2, 'Want a delicious, refined and unusual? 2', '4 July 2018', '<p class=\"news__text\">Visit MOJO hall. Always fresh supply and high taste quality.</p>'),
  (11, 1, 'Бізнес ланч (знижка 40 %) 3', '4 липня 2018', '<p class=\"news__text\">В сучасному світі бізнесу, обідня перерва, у кожного, буває в різний час та різні дні тижня. Наш ресторан пропонує альтернативу для усіх - перше, друге та компот ви можете поїсти за спец. ціною на протязі усього дня в любий день тижня!</p>'),
  (11, 2, 'Business lunch (40% discount) 3', '4 July 2018',  '<p class=\"news__text\">In the modern business world, lunch break, for everyone, happens at different times and on different days of the week. Our restaurant have&nbsp;an alternative for everyone - the first, second and compote you can eat for specials price throughout the day on a lovely day of the week!</p>'),
  (12, 1, 'Зробіть попереднє замовлення та отримайте знижку! 3',  '4 липня 2018', '<p class=\"news__text\">В ресторані діє гнучка система знижок на попереднє замовлення!</p>'),
  (12, 2, 'Make a reservation and get a discount! 3', '4 July 2018', '<p class=\"news__text\">The restaurant has a flexible system of discounts on pre-order!</p>'),
  (13, 1, 'Літні вихідні у MOJO hall 3', '4 липня 2018', '<p class=\"news__text\">Вихідні будуть набагато цікавіші, якщо провести їх всією сім&#39;єю в MOJO hall.</p>'),
  (13, 2, 'Summer weekend at MOJO hall 3',  '4 July 2018', '<p class=\"news__text\">Weekends will be much more interesting if you spend them all the family in the MOJO hall.</p>'),
  (14, 1, 'Захоплюючі вихідні 3', '4 липня 2018', '<p class=\"news__text\">Поки дорослі насолоджуються їжею і спілкуються з друзями, дітлахи теж будуть зайняті справою. У MOJO hall щосуботи та неділі будуть проходити цікаві майстер-класи.</p>'),
  (14, 2, 'Exciting weekend 3',  '4 July 2018', '<p class=\"news__text\">As adults enjoy food and communicate with friends, kids will also be busy with the cause. Classic will host interesting master classes every Saturday and Sunday.</p>'),
  (15, 1, 'Хочете смачного, вишуканого та незвичного? 3', '4 липня 2018', '<p class=\"news__text\">Завітайте до MOJO hall. Завжди свіжа поставка та висока смакова якість.</p>'),
  (15, 2, 'Want a delicious, refined and unusual? 3',  '4 July 2018', '<p class=\"news__text\">Visit MOJO hall. Always fresh supply and high taste quality.</p>'),
  (16, 1, 'Бізнес ланч (знижка 40 %) 4', '4 липня 2018', '<p class=\"news__text\">В сучасному світі бізнесу, обідня перерва, у кожного, буває в різний час та різні дні тижня. Наш ресторан пропонує альтернативу для усіх - перше, друге та компот ви можете поїсти за спец. ціною на протязі усього дня в любий день тижня!</p>'),
  (16, 2, 'Business lunch (40% discount) 4',  '4 July 2018', '<p class=\"news__text\">In the modern business world, lunch break, for everyone, happens at different times and on different days of the week. Our restaurant have&nbsp;an alternative for everyone - the first, second and compote you can eat for specials price throughout the day on a lovely day of the week!</p>'),
  (17, 1, 'Зробіть попереднє замовлення та отримайте знижку! 4', '4 липня 2018', '<p class=\"news__text\">В ресторані діє гнучка система знижок на попереднє замовлення!</p>'),
  (17, 2, 'Make a reservation and get a discount! 4',  '4 July 2018', '<p class=\"news__text\">The restaurant has a flexible system of discounts on pre-order!</p>'),
  (18, 1, 'Літні вихідні у MOJO hall 4', '4 липня 2018', '<p class=\"news__text\">Вихідні будуть набагато цікавіші, якщо провести їх всією сім&#39;єю в MOJO hall.</p>'),
  (18, 2, 'Summer weekend at MOJO hall 4',  '4 July 2018', '<p class=\"news__text\">Weekends will be much more interesting if you spend them all the family in the MOJO hall.</p>'),
  (19, 1, 'Захоплюючі вихідні 4', '4 липня 2018', '<p class=\"news__text\">Поки дорослі насолоджуються їжею і спілкуються з друзями, дітлахи теж будуть зайняті справою. У MOJO hall щосуботи та неділі будуть проходити цікаві майстер-класи.</p>'),
  (19, 2, 'Exciting weekend 4',  '4 July 2018', '<p class=\"news__text\">As adults enjoy food and communicate with friends, kids will also be busy with the cause. Classic will host interesting master classes every Saturday and Sunday.</p>'),
  (20, 1, 'Хочете смачного, вишуканого та незвичного? 4', '4 липня 2018', '<p class=\"news__text\">Завітайте до MOJO hall. Завжди свіжа поставка та висока смакова якість.</p>'),
  (20, 2, 'Want a delicious, refined and unusual? 4',  '4 July 2018', '<p class=\"news__text\">Visit MOJO hall. Always fresh supply and high taste quality.</p>');
