INSERT INTO `tbl_category` (`category_id`, `image`, `parent_id`, `top`, `status`, `sort_order`, `created_at`, `updated_at`) VALUES
  (1, '4acc3316b3a28a0993154b12f1e233dc.jpg', 0, 1, 1, 1, 1530515064, 1530522635),
  (2, '77707fa0bb1e4e5b5e4182a1285d761e.jpg', 0, 1, 1, 2, 1530522769, 1530522769),
  (3, 'cdb7b6a03046a452f481e00ee8116bca.jpg', 0, 1, 1, 3, 1530522910, 1530522910),
  (4, 'faca3df70008616c89364b249313a678.jpg', 0, 1, 1, 4, 1530523016, 1530523016),
  (5, '1d3c87b4c43c4f48c6ea6937d3169672.jpg', 0, 1, 1, 5, 1530523085, 1530523085),
  (6, 'd857d896bf2fdee8f73ebddeae44888f.jpg', 0, 1, 1, 6, 1530523172, 1530523172),
  (7, '1bea310f5cbf6f8e43107dc95e3978e5.jpg', 0, 1, 1, 7, 1530523291, 1530523377),
  (8, '04769118693610b58ace4b1f644242d8.jpg', 0, 1, 1, 8, 1530523360, 1530523360);

INSERT INTO `tbl_category_description` (`category_id`, `language_id`, `name`, `description`, `meta_title`, `meta_description`, `meta_keyword`) VALUES
  (1, 1, 'Піца', '', '', '', ''),
  (1, 2, 'Pizza', '', '', '', ''),
  (2, 1, 'Фреш-паста', '', '', '', ''),
  (2, 2, 'Fresh Paste', '', '', '', ''),
  (3, 1, 'Салати', '', '', '', ''),
  (3, 2, 'Salads', '', '', '', ''),
  (4, 1, 'Закуски', '', '', '', ''),
  (4, 2, 'Snacks', '', '', '', ''),
  (5, 1, 'Брускети', '', '', '', ''),
  (5, 2, 'Bruschetti', '', '', '', ''),
  (6, 1, 'Перші страви', '', '', '', ''),
  (6, 2, 'First courses', '', '', '', ''),
  (7, 1, 'Фрітата', '', '', '', ''),
  (7, 2, 'Fritata', '', '', '', ''),
  (8, 1, 'Гарячі пательні', '', '', '', ''),
  (8, 2, 'Hot pallets', '', '', '', '');

INSERT INTO `tbl_category_path` (`category_id`, `path_id`, `level`) VALUES
  (1, 1, '0'),
  (2, 2, '0'),
  (3, 3, '0'),
  (4, 4, '0'),
  (5, 5, '0'),
  (6, 6, '0'),
  (7, 7, '0'),
  (8, 8, '0');

INSERT INTO `tbl_seo_url` (`seo_url_id`, `language_id`, `query`, `keyword`) VALUES
  (15, 1, 'category_id=3', 'bitovaya-tehnika-interer'),
  (16, 2, 'category_id=3', 'bitovaya-tehnika-interer'),
  (17, 1, 'category_id=12', 'dacha-sad-i-ogorod'),
  (18, 2, 'category_id=12', 'dacha-sad-i-ogorod'),
  (19, 1, 'category_id=16', 'detskie-tovari'),
  (20, 2, 'category_id=16', 'detskie-tovari'),
  (21, 1, 'category_id=5', 'instrumenti-i-avtotovari'),
  (22, 2, 'category_id=5', 'instrumenti-i-avtotovari'),
  (23, 1, 'category_id=17', 'kantstovari-i-knigi'),
  (24, 2, 'category_id=17', 'kantstovari-i-knigi'),
  (25, 1, 'category_id=1', 'kompyuteri-i-noutbuki'),
  (26, 2, 'category_id=1', 'kompyuteri-i-noutbuki'),
  (27, 1, 'category_id=20', 'aksessuari-dlya-noutbukov-i-pk'),
  (28, 2, 'category_id=20', 'aksessuari-dlya-noutbukov-i-pk'),
  (29, 1, 'category_id=21', 'aksessuari-dlya-planshetov-i-elektronnih-knig'),
  (30, 2, 'category_id=21', 'aksessuari-dlya-planshetov-i-elektronnih-knig'),
  (31, 1, 'category_id=8', 'videokarti'),
  (32, 2, 'category_id=8', 'videokarti'),
  (33, 1, 'category_id=22', 'komplektuyuschie'),
  (34, 2, 'category_id=22', 'komplektuyuschie'),
  (35, 1, 'category_id=23', 'kompyuteri'),
  (36, 2, 'category_id=23', 'kompyuteri'),
  (37, 1, 'category_id=6', 'noutbuki'),
  (38, 2, 'category_id=6', 'noutbuki'),
  (39, 1, 'category_id=30', 'dlya-biznesa'),
  (40, 2, 'category_id=30', 'dlya-biznesa'),
  (41, 1, 'category_id=29', 'universalnie'),
  (42, 2, 'category_id=29', 'universalnie'),
  (43, 1, 'category_id=7', 'plansheti'),
  (44, 2, 'category_id=7', 'plansheti'),
  (45, 1, 'category_id=24', 'programmnoe-obespechenie'),
  (46, 2, 'category_id=24', 'programmnoe-obespechenie'),
  (47, 1, 'category_id=25', 'elektronnie-knigi'),
  (48, 2, 'category_id=25', 'elektronnie-knigi'),
  (49, 1, 'category_id=15', 'krasota-i-zdorove'),
  (50, 2, 'category_id=15', 'krasota-i-zdorove'),
  (51, 1, 'category_id=14', 'odejda-obuv-i-ukrasheniya'),
  (52, 2, 'category_id=14', 'odejda-obuv-i-ukrasheniya'),
  (53, 1, 'category_id=11', 'santehnika-i-remont'),
  (54, 2, 'category_id=11', 'santehnika-i-remont'),
  (55, 1, 'category_id=2', 'smartfoni-tv-i-elektronika'),
  (56, 2, 'category_id=2', 'smartfoni-tv-i-elektronika'),
  (57, 1, 'category_id=26', 'avtoelektronika'),
  (58, 2, 'category_id=26', 'avtoelektronika'),
  (59, 1, 'category_id=27', 'audio-i-domashnie-kinoteatri'),
  (60, 2, 'category_id=27', 'audio-i-domashnie-kinoteatri'),
  (61, 1, 'category_id=10', 'televizori-i-aksessuari'),
  (62, 2, 'category_id=10', 'televizori-i-aksessuari'),
  (63, 1, 'category_id=9', 'telefoni'),
  (64, 2, 'category_id=9', 'telefoni'),
  (65, 1, 'category_id=28', 'foto-i-video'),
  (66, 2, 'category_id=28', 'foto-i-video'),
  (67, 1, 'category_id=13', 'sport-i-uvlecheniya'),
  (68, 2, 'category_id=13', 'sport-i-uvlecheniya'),
  (69, 1, 'category_id=18', 'tovari-dlya-biznesa'),
  (70, 2, 'category_id=18', 'tovari-dlya-biznesa'),
  (71, 1, 'category_id=4', 'tovari-dlya-doma'),
  (72, 2, 'category_id=4', 'tovari-dlya-doma'),
  (73, 1, 'category_id=19', 'uslugi-i-servisi'),
  (74, 2, 'category_id=19', 'uslugi-i-servisi');

INSERT INTO `tbl_product` (`product_id`, `weight`, `caloricity`, `image`, `price`, `is_promo`, `status`, `sort_order`, `created_at`, `updated_at`) VALUES
  (1, 150, 325, 'ea2316add78db535e7a5e82c5c0fb0c5.jpg', '95.0000', 0, 1, 1, 1530534107, 1532941878),
  (2, 150, 300, '728a523cbc208dcc9dfb039b6c8a455e.jpg', '82.0000', 0, 1, 2, 1530537179, 1532941733),
  (3, 150, 400, 'd68a27d3f370c4f489cce46904094a45.jpg', '60.0000', 0, 1, 3, 1530537564, 1532941833),
  (4, 160, 425, 'c5657ee5dc19e8b2e6861a6a4de21a23.jpg', '85.0000', 0, 1, 5, 1530537725, 1532938332),
  (5, 170, 250, '2c202bf7bfae48b0bf66628b775947bd.jpg', '88.0000', 0, 1, 5, 1530537907, 1532938291),
  (6, 250, 0, '1185d26592dc5c4f042dc87f33886662.jpg', '59.0000', 0, 1, 6, 1530537985, 1532942067),
  (7, 250, 0, 'b3dc25f73b336897c53a143a7000ae65.jpg', '26.0000', 0, 1, 7, 1530538062, 1530538062),
  (8, 220, 50, '4c7569205a605c4d6ff5b9675df1d1ec.jpg', '220.0000', 0, 1, 8, 1530538169, 1532938030),
  (9, 200, 60, 'b8c0e1a30b9311596f3809fb857e89dd.jpg', '56.0000', 0, 1, 9, 1530538250, 1532938068),
  (10, 200, 0, 'b4833007f78f43cc0d19a003ade68e14.jpg', '64.0000', 0, 1, 10, 1530538325, 1532938102),
  (11, 50, 0, '3861e4c138c848a8c3ed1c2d02199f0d.jpg', '12.0000', 0, 1, 11, 1530538478, 1532938153),
  (12, 250, 0, '6be7e3d2e5b806aa0e88289d85983ca2.jpg', '34.0000', 0, 1, 12, 1530538568, 1532938183),
  (13, 60, 0, '857758e826af1fbb425acf395fcea336.jpg', '21.0000', 0, 1, 13, 1530538638, 1530538882),
  (14, 60, 0, 'b1213a3ae3104b9bd8851c5a43d214d7.jpg', '15.0000', 0, 1, 14, 1530538708, 1532942225),
  (15, 60, 0, '8a0e24119e77494a613ec900de118f21.jpg', '24.0000', 0, 1, 15, 1530538855, 1530538855),
  (16, 300, 0, '80da70fb379fa1b1ff24405e80ee6866.jpg', '45.0000', 0, 1, 16, 1530538978, 1530538978),
  (17, 300, 0, '711a6b190044911115cfa5aba84465f4.jpg', '29.0000', 0, 1, 17, 1530539047, 1532938219),
  (18, 250, 0, '1ba45d9a35c24f09152cc36e564fb1a7.jpg', '45.0000', 0, 1, 18, 1530539109, 1530539109),
  (19, 225, 0, '6c3c5af058bc630936695399d549ea64.jpg', '45.0000', 0, 1, 19, 1532938506, 1532938828),
  (20, 260, 0, '85d9e5b04e8687bf1e65a0da709157bb.jpg', '49.0000', 0, 1, 20, 1532938702, 1532938846),
  (21, 260, 0, '65883e2a9674b455e385acdc34e38673.jpg', '49.0000', 0, 1, 21, 1532938797, 1532938854);

INSERT INTO `tbl_product_description` (`product_id`, `language_id`, `name`, `description`, `promo`) VALUES
  (1, 1, 'Фірмова', '<h4>Склад:</h4><p>курка, бекон, ананас, овочі, м&#39;ясне асорті, сирний мікс</p>', ''),
  (1, 2, 'Fіrmova', '<h4>Composition:</h4><p>chicken, bacon, pineapple, vegetables, meat assorted, cheese mix</p>', ''),
  (2, 1, 'Капричоза', '<h4>Склад:</h4><p>салямі, яйце варене, маслини, помідор, гриби, сир, соус червоний</p>', 'При замовлення двох піц - третя у подарунок!'),
  (2, 2, 'Capricosis', '<h4>Composition:</h4><p>salami, boiled egg, olives, tomatoes, mushrooms, cheese, red sauce</p>', 'When ordering two pizza - the third as a gift!'),
  (3, 1, 'Карбонара', '<h4>Склад:</h4><p>копченості, яєчний жовток, в&#39;ялений помідор, часник сухий, сир, соус білий</p>', ''),
  (3, 2, 'Carbonara', '<h4>Composition:</h4><p>smoked egg yolk, dried tomato, garlic dry, cheese, white sauce</p>', ''),
  (4, 1, 'Мисливська', '<h4>Склад:</h4><p>мисливські ковбаски, бекон, гриби, перець болгарський, помідор, сир, сир моцарела, соус червоний</p>', ''),
  (4, 2, 'Hunting', '<h4>Composition:</h4><p>hunting sausages, bacon, mushrooms, bell pepper, tomato, cheese, mozzarella cheese, red sauce</p>', ''),
  (5, 1, 'Кватро формаджі', '<h4>Склад:</h4><p>сир горгонзола, сир пармезан, сир моцарела, сир твердий, соус білий&nbsp;</p>', ''),
  (5, 2, 'Quattro Forge', '<h4>Сomposition:</h4><p>Gorgonzola cheese, parmesan cheese, mozzarella cheese, hard cheese, white sauce</p>', ''),
  (6, 1, 'Спагетті Карбонара', '', 'При замовленні двох порцій - третя у подарунок!'),
  (6, 2, 'Spaghetti Carbonara', '', 'When ordering two portions - the third as a gift!'),
  (7, 1, 'Тальятеле з куркою, печерицями та брокколі', '', ''),
  (7, 2, 'Tallieutel with chicken, mushrooms and broccoli', '', ''),
  (8, 1, 'Салат з куркою BBQ', '<h4>Опис:</h4><p>салат з пекінської капусти,крутонів та курки гриль</p>', ''),
  (8, 2, 'BBQ Chicken Salad', '<h4>Description:</h4><p>Beijing cabbage salad, croutons and grilled chicken</p>', ''),
  (9, 1, 'Інсалата аль Помодоро', '<h4>Опис:</h4><p>ситний салат з томатами,грибами гриль,вареною куркою та болгарським перцем</p>', ''),
  (9, 2, 'Insalat al almidoro', '<h4>Description:</h4><p>Sweet salad with tomatoes, grilled mushrooms, boiled chicken and Bulgarian pepper</p>', ''),
  (10, 1, 'Цезаріон кон Поло', '<h4>Опис:</h4><p>овочевий салат з курячим філе гриль</p>', ''),
  (10, 2, 'Cesarion Con Polo', '<h4>Description:</h4><p>Vegetable Salad with Chicken Grilled Fillets</p>', ''),
  (11, 1, 'Фокачо', '<h4>Опис:</h4><p>фірмова італійська випічка</p>', ''),
  (11, 2, 'Fokacho', '<h4>Description:</h4><p>Branded Italian Pastry</p>', ''),
  (12, 1, 'Сухарики з чорного хліба', '<h4>Опис:</h4><p>з сирним соусом</p>', ''),
  (12, 2, 'Black bread crumbs', '<h4>Description:</h4><p>with cheese sauce</p>', ''),
  (13, 1, 'Брускети з пікантним помідором', '', ''),
  (13, 2, 'Bruschetta with spicy tomato', '', ''),
  (14, 1, 'Брускети з грибним міксом', '', 'При замовленні 2 порцій ви отримаєте напій Кока-Кола 0,5 літра безкоштовно. Під безкоштовним мається на увазі придбання товару за 1 копійку.'),
  (14, 2, 'Bruschetta with mushroom mix', '', 'When ordering 2 servings you will get a Coca-Cola drink of 0.5 liters for free. Under the freeware means the purchase of goods for 1 kopeck.'),
  (15, 1, 'Брускети з куркою', '', ''),
  (15, 2, 'Bruschetta with chicken', '', ''),
  (16, 1, 'Крем-суп з шампіньйонів', '', ''),
  (16, 2, 'Cream soup with mushrooms', '', ''),
  (17, 1, 'Курячий бульйон', '', ''),
  (17, 2, 'Chicken broth', '', ''),
  (18, 1, 'Крем-суп з броколі та шпинату', '', ''),
  (18, 2, 'Cream soup with broccoli and spinach', '', ''),
  (19, 1, 'Фрітата з беконом, помідором та гірчицею', '', ''),
  (19, 2, 'Fritta with bacon, tomato and mustard', '', ''),
  (20, 1, 'Пательня з картоплею та беконо', '', ''),
  (20, 2, 'Patelnaya with potatoes and beko', '', ''),
  (21, 1, 'Пательня з куркою та грибами', '', ''),
  (21, 2, 'Pancake with chicken and mushrooms', '', '');

INSERT INTO `tbl_product_to_category` (`product_id`, `category_id`) VALUES
  (1, 1),
  (2, 1),
  (3, 1),
  (4, 1),
  (5, 1),
  (6, 2),
  (7, 2),
  (8, 3),
  (9, 3),
  (10, 3),
  (11, 4),
  (12, 4),
  (13, 5),
  (14, 5),
  (15, 5),
  (16, 6),
  (17, 6),
  (18, 6),
  (19, 7),
  (20, 8),
  (21, 8);
